Numero|FIFADisplayName|Country|LastName|FirstName|ShirtName|POS|Height|Caps|Goals
1|Nahuel GUZMAN|Argentina|GUZMÁN|Nahuel Ignacio|GUZMÁN|GK|192|6|0
2|Gabriel MERCADO|Argentina|MERCADO|Gabriel Ivan|MERCADO|DF|181|20|3
3|Nicolas TAGLIAFICO|Argentina|TAGLIAFICO|Nicolás Alejandro|TAGLIAFICO|DF|169|4|0
4|Cristian ANSALDI|Argentina|ANSALDI|Cristian Daniel|ANSALDI|DF|181|5|1
5|Lucas BIGLIA|Argentina|BIGLIA|Lucas Rodrigo|BIGLIA|MF|175|57|1
6|Federico FAZIO|Argentina|FAZIO|Federico Julián|FAZIO|DF|199|9|1
7|Ever BANEGA|Argentina|BANEGA|Ever Maximiliano David|BANEGA|MF|175|62|6
8|Marcos ACUNA|Argentina|ACUÑA|Marcos Javier|ACUÑA|DF|172|10|0
9|Gonzalo HIGUAIN|Argentina|HIGUAIN|Gonzalo Gerardo|HIGUAÍN|FW|184|72|31
10|Lionel MESSI|Argentina|MESSI|Lionel Andres|MESSI|FW|170|124|64
11|Angel DI MARIA|Argentina|DI MARIA|Angel Fabian|DI MARÍA|MF|178|94|19
12|Franco ARMANI|Argentina|ARMANI|Franco|ARMANI|GK|189|0|0
13|Maximiliano MEZA|Argentina|MEZA|Maximiliano Eduardo|MEZA|MF|180|2|0
14|Javier MASCHERANO|Argentina|MASCHERANO|Javier Alejandro|MASCHERANO|DF|174|143|3
15|Enzo PEREZ|Argentina|PEREZ|Enzo Nicolas|PÉREZ|MF|178|23|1
16|Marcos ROJO|Argentina|ROJO|Faustino Marcos Alberto|MARCOS ROJO|DF|189|56|2
17|Nicolas OTAMENDI|Argentina|OTAMENDI|Nicolas Hernan Gonzalo|OTAMENDI|DF|181|54|4
18|Eduardo SALVIO|Argentina|SALVIO|Eduardo Antonio|SALVIO|DF|167|9|0
19|Sergio AGUERO|Argentina|AGÜERO|Sergio Leonel|KUN AGUERO|FW|172|85|37
20|Giovani LO CELSO|Argentina|LO CELSO|Giovani|LO CELSO|MF|177|5|0
21|Paulo DYBALA|Argentina|DYBALA|Paulo Exequiel|DYBALA|FW|177|12|0
22|Cristian PAVON|Argentina|PAVÓN|Cristian David|PAVÓN|MF|169|5|0
23|Wilfredo CABALLERO|Argentina|CABALLERO|Wilfredo Daniel|CABALLERO|GK|186|3|0
1|Mathew RYAN|Australia|RYAN|Mathew David|RYAN|GK|184|44|0
2|Milos DEGENEK|Australia|DEGENEK|Milos|DEGENEK|DF|187|18|0
3|James MEREDITH|Australia|MEREDITH|James Gregory|MEREDITH|DF|179|2|0
4|Tim CAHILL|Australia|CAHILL|Timothy Filiga|CAHILL|FW|180|106|50
5|Mark MILLIGAN|Australia|MILLIGAN|Mark Daniel|MILLIGAN|DF|178|68|6
6|Matthew JURMAN|Australia|JURMAN|Matthew John|JURMAN|DF|190|4|0
7|Mathew LECKIE|Australia|LECKIE|Mathew Allan|LECKIE|FW|181|53|8
8|Massimo LUONGO|Australia|LUONGO|Massimo Corey|LUONGO|MF|176|36|5
9|Tomi JURIC|Australia|JURIC|Tomi|JURIC|FW|190|35|8
10|Robbie KRUSE|Australia|KRUSE|Robbie Thomas|KRUSE|FW|180|64|5
11|Andrew NABBOUT|Australia|NABBOUT|Andrew|NABBOUT|FW|178|4|1
12|Brad JONES|Australia|JONES|Bradley Scott|JONES|GK|193|6|0
13|Aaron MOOY|Australia|MOOY|Aaron Frank|MOOY|MF|173|34|5
14|Jamie MacLAREN|Australia|MACLAREN|Jamie|MACLAREN|FW|178|6|0
15|Mile JEDINAK|Australia|JEDINAK|Michael John|JEDINAK|MF|188|76|18
16|Aziz BEHICH|Australia|BEHICH|Aziz|BEHICH|DF|170|23|2
17|Daniel ARZANI|Australia|ARZANI|Daniel|ARZANI|FW|171|2|1
18|Danny VUKOVIC|Australia|VUKOVIC|Daniel|VUKOVIC|GK|187|1|0
19|Joshua RISDON|Australia|RISDON|Joshua Robert|RISDON|DF|169|8|0
20|Trent SAINSBURY|Australia|SAINSBURY|Trent Lucas|SAINSBURY|DF|183|35|3
21|Dimitrios PETRATOS|Australia|PETRATOS|Dimitrios|PETRATOS|FW|176|2|0
22|Jackson IRVINE|Australia|IRVINE|Jackson Alexander|IRVINE|MF|180|19|2
23|Tom ROGIC|Australia|ROGIC|Tomas Petar|ROGIC|MF|189|37|7
1|Thibaut COURTOIS|Belgium|COURTOIS|Thibaut Nicolas|COURTOIS|GK|199|58|0
2|Toby ALDERWEIRELD|Belgium|ALDERWEIRELD|Toby Albertine|ALDERWEIRELD|DF|186|77|3
3|Thomas VERMAELEN|Belgium|VERMAELEN|Thomas|VERMAELEN|DF|183|66|1
4|Vincent KOMPANY|Belgium|KOMPANY|Vincent Jean|KOMPANY|DF|190|77|4
5|Jan VERTONGHEN|Belgium|VERTONGHEN|Jan Bert|VERTONGHEN|DF|189|102|8
6|Axel WITSEL|Belgium|WITSEL|Axel Laurent|WITSEL|MF|186|90|9
7|Kevin DE BRUYNE|Belgium|DE BRUYNE|Kevin|DE BRUYNE|MF|181|62|14
8|Marouane FELLAINI|Belgium|FELLAINI-BAKKIOUI|Marouane|FELLAINI|MF|194|82|17
9|Romelu LUKAKU|Belgium|LUKAKU BOLINGOLI|Romelu|R. LUKAKU|FW|190|69|36
10|Eden HAZARD|Belgium|HAZARD|Eden Michael|E. HAZARD|FW|173|86|22
11|Yannick CARRASCO|Belgium|FERREIRA CARRASCO|Yannick|CARRASCO|MF|180|26|5
12|Simon MIGNOLET|Belgium|MIGNOLET|Simon Luc|MIGNOLET|GK|193|21|0
13|Koen CASTEELS|Belgium|CASTEELS|Koen|CASTEELS|GK|197|0|0
14|Dries MERTENS|Belgium|MERTENS|Dries|MERTENS|FW|169|69|14
15|Thomas MEUNIER|Belgium|MEUNIER|Thomas|MEUNIER|DF|190|25|5
16|Thorgan HAZARD|Belgium|HAZARD|Thorgan Ganael Francis|T. HAZARD|MF|174|11|1
17|Youri TIELEMANS|Belgium|TIELEMANS|Youri|TIELEMANS|MF|176|9|0
18|Adnan JANUZAJ|Belgium|JANUZAJ|Adnan|JANUZAJ|FW|180|8|0
19|Moussa DEMBELE|Belgium|DEMBELE|Moussa Sidi Yaya|DEMBELE|MF|185|76|5
20|Dedryck BOYATA|Belgium|BOYATA|Dedryck Anga|BOYATA|DF|188|7|0
21|Michy BATSHUAYI|Belgium|BATSHUAYI TUNGA|Michy|BATSHUAYI|FW|185|16|7
22|Nacer CHADLI|Belgium|CHADLI|Nacer|CHADLI|MF|187|45|5
23|Leander DENDONCKER|Belgium|DENDONCKER|Leander|DENDONCKER|DF|188|5|0
1|ALISSON|Brazil|BECKER|Alisson Ramses|A. BECKER|GK|193|26|0
2|THIAGO SILVA|Brazil|EMILIANO DA SILVA|Thiago|T. SILVA|DF|183|71|5
3|MIRANDA|Brazil|MIRANDA DE SOUZA FILHO|Joao|MIRANDA|DF|186|47|2
4|PEDRO GEROMEL|Brazil|TONON GEROMEL|Pedro|GEROMEL|DF|190|2|0
5|CASEMIRO|Brazil|CASIMIRO|Carlos Henrique|CASEMIRO|MF|185|24|0
6|FILIPE LUIS|Brazil|KASMIRSKI|Filipe Luis|FILIPE LUIS|DF|182|33|2
7|DOUGLAS COSTA|Brazil|COSTA DE SOUZA|Douglas|D. COSTA|FW|182|25|3
8|RENATO AUGUSTO|Brazil|SOARES DE OLIVEIRA AUGUSTO|Renato|R. AUGUSTO|MF|186|28|5
9|GABRIEL JESUS|Brazil|DE JESUS|Gabriel Fernando|G. JESUS|FW|175|17|10
10|NEYMAR|Brazil|DA SILVA SANTOS JUNIOR|Neymar|NEYMAR JR|FW|175|85|55
11|PHILIPPE COUTINHO|Brazil|COUTINHO CORREIA|Philippe|P. COUTINHO|MF|172|36|10
12|MARCELO|Brazil|VIEIRA DA SILVA JUNIOR|Marcelo|MARCELO|DF|174|55|6
13|MARQUINHOS|Brazil|AOAS CORREA|Marcos|MARQUINHOS|DF|183|26|0
14|DANILO|Brazil|DA SILVA|Danilo Luiz|DANILO|DF|184|18|0
15|PAULINHO|Brazil|BEZERRA MACIEL JÚNIOR|José Paulo|PAULINHO|MF|181|50|12
16|CASSIO|Brazil|RAMOS|Cassio|CASSIO|GK|195|1|0
17|FERNANDINHO|Brazil|ROZA|Fernando Luiz|FERNANDINHO|MF|179|44|2
18|FRED|Brazil|RODRIGUES DE PAULA SANTOS|Frederico|FRED|MF|169|8|0
19|WILLIAN|Brazil|BORGES DA SILVA|Willian|WILLIAN|MF|175|57|8
20|ROBERTO FIRMINO|Brazil|BARBOSA DE OLIVEIRA|Roberto Firmino|FIRMINO|FW|181|21|6
21|TAISON|Brazil|BARCELLOS FREDA|Taison|TAISON|FW|172|8|1
22|FAGNER|Brazil|CONSERVA LEMOS|Fagner|FAGNER|DF|168|4|0
23|EDERSON|Brazil|SANTANA DE MORAES|Ederson|EDERSON|GK|188|1|0
1|David OSPINA|Colombia|OSPINA RAMIREZ|David|OSPINA|GK|183|83|0
2|Cristian ZAPATA|Colombia|ZAPATA VALENCIA|Cristian Eduardo|C. ZAPATA|DF|187|52|2
3|Oscar MURILLO|Colombia|MURILLO MURILLO|Oscar Fabian|O. MURILLO|DF|184|13|0
4|Santiago ARIAS|Colombia|ARIAS NARANJO|Santiago|ARIAS|DF|177|41|0
5|Wilmar BARRIOS|Colombia|BARRIOS TERAN|Wilmar Enrique|BARRIOS|MF|178|10|0
6|Carlos SANCHEZ|Colombia|SANCHEZ MORENO|Carlos Alberto|C. SANCHEZ|MF|182|80|0
7|Carlos BACCA|Colombia|BACCA AHUMADA|Carlos Arturo|BACCA|FW|181|45|14
8|Abel AGUILAR|Colombia|AGUILAR TAPIAS|Abel Enrique|AGUILAR T.|MF|185|69|8
9|Radamel FALCAO|Colombia|GARCIA ZARATE|Radamel Falcao|FALCAO|FW|177|65|29
10|James RODRIGUEZ|Colombia|RODRIGUEZ RUBIO|James David|JAMES|MF|180|63|21
11|Juan CUADRADO|Colombia|CUADRADO BELLO|Juan Guillermo|CUADRADO|MF|179|69|7
12|Camilo VARGAS|Colombia|VARGAS GIL|Camilo Andres|C. VARGAS|GK|185|5|0
13|Yerry MINA|Colombia|MINA GONZALEZ|Yerry Fernando|Y. MINA|DF|194|12|3
14|Luis MURIEL|Colombia|MURIEL FRUTO|Luis Fernando|L. MURIEL|FW|178|18|2
15|Mateus URIBE|Colombia|URIBE VILLA|Andres Mateus|M. URIBE|MF|182|8|0
16|Jefferson LERMA|Colombia|LERMA SOLIS|Jefferson Andrés|J. LERMA|MF|179|5|0
17|Johan MOJICA|Colombia|MOJICA PALACIO|Johan Andrés|J. MOJICA|DF|185|4|1
18|Farid DIAZ|Colombia|DIAZ RHENALS|Farid Alfonso|F. DIAZ|DF|170|13|0
19|Miguel BORJA|Colombia|BORJA HERNANDEZ|Miguel Angel|M. BORJA|FW|183|7|2
20|Juan QUINTERO|Colombia|QUINTERO PANIAGUA|Juan Fernando|J. QUINTERO|MF|169|15|2
21|Jose IZQUIERDO|Colombia|IZQUIERDO MENA|José Heriberto|IZQUIERDO|FW|171|5|1
22|Jose CUADRADO|Colombia|CUADRADO ROMERO|José Fernando|J.F. CUADRADO|GK|180|1|0
23|Davinson SANCHEZ|Colombia|SANCHEZ MINA|Davinson|D. SANCHEZ|DF|187|9|0
1|Keylor NAVAS|Costa Rica|NAVAS GAMBOA|Keilor Antonio|K. NAVAS|GK|185|81|0
2|Johnny ACOSTA|Costa Rica|ACOSTA ZAMORA|Jhonny|J. ACOSTA|DF|176|66|2
3|Giancarlo GONZALEZ|Costa Rica|GONZALEZ CASTRO|Giancarlo|G. GONZALEZ|DF|186|68|2
4|Ian SMITH|Costa Rica|SMITH QUIROS|Ian Rey|I. SMITH|DF|177|4|0
5|Celso BORGES|Costa Rica|BORGES MORA|Celso|C. BORGES|MF|187|111|18
6|Oscar DUARTE|Costa Rica|DUARTE GAITAN|Oscar Esau|O. DUARTE|DF|186|36|2
7|Christian BOLANOS|Costa Rica|BOLAÑOS NAVARRO|Christian|C. BOLAÑOS|MF|178|82|7
8|Bryan OVIEDO|Costa Rica|OVIEDO JIMENEZ|Bryan Josue|B. OVIEDO|DF|172|42|1
9|Daniel COLINDRES|Costa Rica|COLINDRES SOLERA|Daniel|D. COLINDRES|MF|180|11|0
10|Bryan RUIZ|Costa Rica|RUIZ GONZALEZ|Bryan Jafet|BRYAN|MF|187|109|24
11|Johan VENEGAS|Costa Rica|VENEGAS ULLOA|Johan Alberto|J. VENEGAS|FW|183|47|10
12|Joel CAMPBELL|Costa Rica|CAMPBELL SAMUELS|Joel Nathaniel|J. CAMPBELL|FW|178|77|15
13|Rodney WALLACE|Costa Rica|WALLACE BURNS|Rodney|R. WALLACE|MF|180|28|4
14|Randall AZOFEIFA|Costa Rica|AZOFEIFA CORRALES|Randall|R. AZOFEIFA|MF|182|59|3
15|Francisco CALVO|Costa Rica|CALVO QUESADA|Francisco Javier|F. CALVO|DF|180|36|4
16|Cristian GAMBOA|Costa Rica|GAMBOA LUNA|Cristian Esteban|C. GAMBOA|DF|175|68|3
17|Yeltsin TEJEDA|Costa Rica|TEJEDA VALVERDE|Yeltsin Ignacio|Y. TEJEDA|MF|179|49|0
18|Patrick PEMBERTON|Costa Rica|PEMBERTON BERNARD|Patrick Alberto|P. PEMBERTON|GK|178|39|0
19|Kendall WASTON|Costa Rica|WASTON MANLEY|Kendall Jamaal|K. WASTON|DF|196|25|2
20|David GUZMAN|Costa Rica|GUZMAN PEREZ|David|D. GUZMAN|MF|176|45|0
21|Marcos URENA|Costa Rica|UREÑA PORRAS|Marcos Danilo|M. UREÑA|FW|181|62|14
22|Ronald MATARRITA|Costa Rica|MATARRITA ULATE|Ronald Alberto|R. MATARRITA|DF|175|23|2
23|Leonel MOREIRA|Costa Rica|MOREIRA LEDEZMA|Leonel Gerardo|L. MOREIRA|GK|179|9|0
1|Dominik LIVAKOVIC|Croatia|LIVAKOVIĆ|Dominik|LIVAKOVIĆ|GK|188|1|0
2|Sime VRSALJKO|Croatia|VRSALJKO|Šime|VRSALJKO|DF|181|35|0
3|Ivan STRINIC|Croatia|STRINIĆ|Ivan|STRINIĆ|DF|186|43|0
4|Ivan PERISIC|Croatia|PERIŠIĆ|Ivan|PERIŠIĆ|FW|186|66|18
5|Vedran CORLUKA|Croatia|ĆORLUKA|Vedran|ĆORLUKA|DF|192|99|4
6|Dejan LOVREN|Croatia|LOVREN|Dejan|LOVREN|DF|188|39|2
7|Ivan RAKITIC|Croatia|RAKITIĆ|Ivan|RAKITIĆ|MF|184|92|14
8|Mateo KOVACIC|Croatia|KOVAČIĆ|Mateo|KOVAČIĆ|MF|178|41|1
9|Andrej KRAMARIC|Croatia|KRAMARIĆ|Andrej|KRAMARIĆ|FW|177|31|9
10|Luka MODRIC|Croatia|MODRIĆ|Luka|MODRIĆ|MF|172|106|12
11|Marcelo BROZOVIC|Croatia|BROZOVIĆ|Marcelo|BROZOVIĆ|MF|181|35|6
12|Lovre KALINIC|Croatia|KALINIĆ|Lovre|L. KALINIĆ|GK|201|11|0
13|Tin JEDVAJ|Croatia|JEDVAJ|Tin|JEDVAJ|DF|184|12|0
14|Filip BRADARIC|Croatia|BRADARIĆ|Filip|BRADARIĆ|MF|186|4|0
15|Duje CALETA-CAR|Croatia|ĆALETA-CAR|Duje|ĆALETA-CAR|DF|192|1|0
16|Nikola KALINIC|Croatia|KALINIĆ|Nikola|N. KALINIĆ|FW|187|42|15
17|Mario MANDZUKIC|Croatia|MANDŽUKIĆ|Mario|MANDŽUKIĆ|FW|190|83|30
18|Ante REBIC|Croatia|REBIĆ|Ante|REBIĆ|FW|185|16|1
19|Milan BADELJ|Croatia|BADELJ|Milan|BADELJ|MF|186|38|1
20|Marko PJACA|Croatia|PJACA|Marko|PJACA|FW|186|16|1
21|Domagoj VIDA|Croatia|VIDA|Domagoj|VIDA|DF|184|59|2
22|Josip PIVARIC|Croatia|PIVARIĆ|Josip|PIVARIĆ|DF|176|19|0
23|Danijel SUBASIC|Croatia|SUBAŠIĆ|Danijel|SUBAŠIĆ|GK|191|38|0
1|Kasper SCHMEICHEL|Denmark|SCHMEICHEL|Kasper Peter|SCHMEICHEL|GK|190|35|0
2|Michael KROHN-DEHLI|Denmark|KROHN-DEHLI|Michael|KROHN-DEHLI|MF|171|58|6
3|Jannik VESTERGAARD|Denmark|VESTERGAARD|Jannik|VESTERGAARD|DF|200|16|1
4|Simon KJAER|Denmark|KJAER|Simon Thorup|KJÆR|DF|191|75|3
5|Jonas KNUDSEN|Denmark|KNUDSEN|Jonas Hjort|KNUDSEN|DF|187|3|0
6|Andreas CHRISTENSEN|Denmark|CHRISTENSEN|Andreas Bodtker|CHRISTENSEN|DF|192|16|1
7|William KVIST|Denmark|KVIST|William Vitved|KVIST|MF|185|80|2
8|Thomas DELANEY|Denmark|DELANEY|Thomas Joseph|DELANEY|MF|180|27|4
9|Nicolai JORGENSEN|Denmark|JORGENSEN|Nicolai Mick|N. JØRGENSEN|FW|194|31|8
10|Christian ERIKSEN|Denmark|ERIKSEN|Christian Dannemann|ERIKSEN|MF|181|78|22
11|Martin BRAITHWAITE|Denmark|BRAITHWAITE|Martin Christensen|BRAITHWAITE|FW|180|20|1
12|Kasper DOLBERG|Denmark|RASMUSSEN|Kasper Dolberg|DOLBERG|FW|187|6|1
13|Mathias JORGENSEN|Denmark|JORGENSEN|Mathias Jattah-Njie|M. JØRGENSEN|DF|191|12|0
14|Henrik DALSGAARD|Denmark|DALSGAARD|Henrik|DALSGAARD|DF|190|11|0
15|Viktor FISCHER|Denmark|FISCHER|Viktor Gorridsen|FISCHER|FW|181|19|3
16|Jonas LOSSL|Denmark|LÖSSL|Jonas Bybjerg|LÖSSL|GK|195|1|0
17|Jens Stryger LARSEN|Denmark|LARSEN|Jens Stryger|STRYGER|DF|182|13|1
18|Lukas LERAGER|Denmark|LERAGER|Lukas Reiff|LERAGER|MF|186|4|0
19|Lasse SCHONE|Denmark|SCHÖNE|Lasse|SCHÖNE|MF|178|36|3
20|Yussuf Yurary POULSEN|Denmark|POULSEN|Yussuf Yurary|YURARY|FW|193|28|4
21|Andreas CORNELIUS|Denmark|CORNELIUS|Andreas Evald|CORNELIUS|FW|195|18|4
22|Frederik RONNOW|Denmark|RØNNOW|Frederik Riis|RØNNOW|GK|190|6|0
23|Pione SISTO|Denmark|EMIRMIJA|Pione Sisto Ifolo|SISTO|FW|173|14|1
1|ESSAM ELHADARY|Egypt|KAMAL TAWFIK EL HADARY|Essam|ELHADARY|GK|190|158|0
2|ALI GABR|Egypt|GABR|Ali|ALI GABR|DF|191|22|1
3|AHMED ELMOHAMADY|Egypt|ABDELFATTAH|Ahmed Elmohamady|ELMOHAMADY|DF|183|84|2
4|OMAR GABER|Egypt|GABER|Omar|O. GABER|MF|175|24|0
5|SAM MORSY|Egypt|SAYED MORSY|Samy|MORSY|MF|173|5|0
6|AHMED HEGAZY|Egypt|HEGAZY|Ahmed Elsayed|A. HEGAZY|DF|194|45|1
7|AHMED FATHI|Egypt|IBRAHIM|Ahmed Fathy AbdelmonemAhmed|A. FATHI|DF|176|128|3
8|TAREK HAMED|Egypt|HAMED|Tarek|TAREK HAMED|MF|169|23|0
9|MARWAN MOHSEN|Egypt|GAMALELDIN MAHMOUD FAHMY|Marwan Mohsen|MARWAN|FW|185|22|4
10|MOHAMED SALAH|Egypt|GHALY|Mohamed Salah|M SALAH|FW|175|56|35
11|KAHRABA|Egypt|SOLIMAN|Mahmoud Abdelmoneim|M. KAHRABA|FW|182|22|3
12|AYMAN ASHRAF|Egypt|ELSEMBESKANY|Ayman Ashraf|A. ASHRAF|DF|176|3|1
13|MOHAMED ABDELSHAFY|Egypt|ABOUZID|Mohamed Abdelshafy Said|ABDELSHAFY|DF|171|52|2
14|RAMADAN SOBHY|Egypt|AHMED|Ramadan Sobhy|RAMADAN|FW|183|25|1
15|MAHMOUD HAMDY|Egypt|ATTIA|Mahmoud Hamdy|M. HAMDY|DF|173|1|0
16|SHERIF EKRAMY|Egypt|AHMED|Sherif Ekramy Ahmed|EKRAMY|GK|193|23|0
17|MOHAMED ELNENY|Egypt|ELNENY|Mohamed Nasser Elsayed|M. ELNENY|MF|181|61|5
18|SHIKABALA|Egypt|FADLALA|Mahmoud AbdelrazekHassan|SHIKABALA|FW|183|32|2
19|ABDALLA SAID|Egypt|BEKHIT|Abdalla Mahmoud Said|ABDALLA|MF|176|38|6
20|SAMIR SAAD|Egypt|ALI|Saadeldin Samir Saad|S. SAMIR|DF|183|11|0
21|TREZEGUET|Egypt|HASSAN|Mahmoud Ahmed Ibrahim|M. TREZEGUET|MF|181|26|2
22|AMR WARDA|Egypt|WARDA|Amr Medhat|WARDA|FW|179|17|0
23|MOHAMED ELSHENAWY|Egypt|ELSHENAWY GOMAA|Mohamed ElsayedMohamed|M. ELSHENAWY|GK|191|3|0
1|Jordan PICKFORD|England|PICKFORD|Jordan Lee|PICKFORD|GK|185|3|0
2|Kyle WALKER|England|WALKER|Kyle Andrew|WALKER|DF|178|35|0
3|Danny ROSE|England|ROSE|Daniel Lee|ROSE|DF|173|18|0
4|Eric DIER|England|DIER|Eric Jeremy Edgar|DIER|MF|188|26|3
5|John STONES|England|STONES|John|STONES|DF|188|26|0
6|Harry MAGUIRE|England|MAGUIRE|Jacob Harry|MAGUIRE|DF|193|5|0
7|Jesse LINGARD|England|LINGARD|Jesse Ellis|LINGARD|MF|175|12|1
8|Jordan HENDERSON|England|HENDERSON|Jordan Brian|HENDERSON|MF|183|39|0
9|Harry KANE|England|KANE|Harry Edward|KANE|FW|188|24|13
10|Raheem STERLING|England|STERLING|Raheem|STERLING|FW|170|38|2
11|Jamie VARDY|England|VARDY|Jamie Richard|VARDY|FW|178|22|7
12|Kieran TRIPPIER|England|TRIPPIER|Kieran John|TRIPPIER|DF|178|7|0
13|Jack BUTLAND|England|BUTLAND|Jack|BUTLAND|GK|196|8|0
14|Danny WELBECK|England|WELBECK|Daniel|WELBECK|FW|184|39|16
15|Gary CAHILL|England|CAHILL|Gary James|CAHILL|DF|191|60|5
16|Phil JONES|England|JONES|Philip Anthony|JONES|DF|182|25|0
17|Fabian DELPH|England|DELPH|Fabian|DELPH|DF|174|11|0
18|Ashley YOUNG|England|YOUNG|Ashley Simon|YOUNG|DF|175|34|7
19|Marcus RASHFORD|England|RASHFORD|Marcus|RASHFORD|FW|180|19|3
20|Dele ALLI|England|ALLI|Bamidele Jermaine|DELE|MF|188|25|2
21|Ruben LOFTUS-CHEEK|England|LOFTUS-CHEEK|Ruben Ira|LOFTUS-CHEEK|MF|190|4|0
22|Trent ALEXANDER-ARNOLD|England|ALEXANDER-ARNOLD|Trent John|ALEXANDER-ARNOLD|DF|175|1|0
23|Nick POPE|England|POPE|Nicholas David|POPE|GK|191|1|0
1|Hugo LLORIS|France|LLORIS|Hugo|LLORIS|GK|188|98|0
2|Benjamin PAVARD|France|PAVARD|Benjamin|PAVARD|DF|186|6|0
3|Presnel KIMPEMBE|France|KIMPEMBE|Presnel|KIMPEMBE|DF|182|2|0
4|Raphael VARANE|France|VARANE|Raphaël Xavier|VARANE|DF|191|42|2
5|Samuel UMTITI|France|UMTITI|Samuel|UMTITI|DF|183|19|2
6|Paul POGBA|France|POGBA|Paul Labile|POGBA|MF|191|54|9
7|Antoine GRIEZMANN|France|GRIEZMANN|Antoine|GRIEZMANN|FW|174|54|20
8|Thomas LEMAR|France|LEMAR|Thomas|LEMAR|FW|172|12|3
9|Olivier GIROUD|France|GIROUD|Olivier|GIROUD|FW|193|74|31
10|Kylian MBAPPE|France|MBAPPE LOTTIN|Kylian|MBAPPE|FW|178|15|4
11|Ousmane DEMBELE|France|DEMBELE|Ousmane|DEMBELE|FW|178|12|2
12|Corentin TOLISSO|France|TOLISSO|Corentin|TOLISSO|MF|180|9|0
13|Ngolo KANTE|France|KANTE|N'golo|KANTE|MF|168|24|1
14|Blaise MATUIDI|France|MATUIDI|Blaise|MATUIDI|MF|180|67|9
15|Steven NZONZI|France|NZONZI|Steven|NZONZI|MF|197|4|0
16|Steve MANDANDA|France|MANDANDA MPIDI|Steve|MANDANDA|GK|187|27|0
17|Adil RAMI|France|RAMI|Adil|RAMI|DF|190|35|1
18|Nabil FEKIR|France|FEKIR|Nabil|FEKIR|FW|173|12|2
19|Djibril SIDIBE|France|SIDIBE|Djibril|SIDIBE|DF|184|17|1
20|Florian THAUVIN|France|THAUVIN|Florian|THAUVIN|FW|180|4|0
21|Lucas HERNANDEZ|France|HERNANDEZ|Lucas|HERNANDEZ|DF|183|5|0
22|Benjamin MENDY|France|MENDY|Benjamin|MENDY|DF|183|7|0
23|Alphonse AREOLA|France|AREOLA|Alphonse|AREOLA|GK|195|0|0
1|Manuel NEUER|Germany|NEUER|Manuel Peter|NEUER|GK|193|76|0
2|Marvin PLATTENHARDT|Germany|PLATTENHARDT|Marvin|PLATTENHARDT|DF|181|6|0
3|Jonas HECTOR|Germany|HECTOR|Jonas Armin|HECTOR|DF|185|38|3
4|Matthias GINTER|Germany|GINTER|Matthias Lukas|GINTER|DF|189|18|0
5|Mats HUMMELS|Germany|HUMMELS|Mats Julian|HUMMELS|DF|192|64|5
6|Sami KHEDIRA|Germany|KHEDIRA|Sami|KHEDIRA|MF|189|75|7
7|Julian DRAXLER|Germany|DRAXLER|Julian|DRAXLER|MF|185|44|6
8|Toni KROOS|Germany|KROOS|Toni|KROOS|MF|182|83|12
9|Timo WERNER|Germany|WERNER|Timo|WERNER|FW|181|14|8
10|Mesut OEZIL|Germany|ÖZIL|Mesut|ÖZIL|MF|180|90|23
11|Marco REUS|Germany|REUS|Marco|REUS|FW|180|31|9
12|Kevin TRAPP|Germany|TRAPP|Kevin|TRAPP|GK|189|3|0
13|Thomas MUELLER|Germany|MÜLLER|Thomas|MÜLLER|MF|186|91|38
14|Leon GORETZKA|Germany|GORETZKA|Leon Christoph|GORETZKA|MF|189|15|6
15|Niklas SUELE|Germany|SÜLE|Niklas|SÜLE|DF|195|11|0
16|Antonio RUEDIGER|Germany|RÜDIGER|Antonio|RÜDIGER|DF|191|24|1
17|Jerome BOATENG|Germany|BOATENG|Jerome Agyenim|BOATENG|DF|192|71|1
18|Joshua KIMMICH|Germany|KIMMICH|Joshua Walter|KIMMICH|DF|176|29|3
19|Sebastian RUDY|Germany|RUDY|Sebastian|RUDY|MF|179|25|1
20|Julian BRANDT|Germany|BRANDT|Julian|BRANDT|MF|183|16|1
21|Ilkay GUENDOGAN|Germany|GÜNDOGAN|Ilkay|GÜNDOGAN|MF|180|26|4
22|Marc-Andre TER STEGEN|Germany|TER STEGEN|Marc-André|TER STEGEN|GK|187|20|0
23|Mario GOMEZ|Germany|GOMEZ GARCIA|Mario|GOMEZ|FW|189|75|31
1|Hannes HALLDORSSON|Iceland|HALLDORSSON|Hannes Thor|HALLDORSSON|GK|193|49|0
2|Birkir SAEVARSSON|Iceland|SAEVARSSON|Birkir Mar|SÆVARSSON|DF|186|79|1
3|Samuel FRIDJONSSON|Iceland|FRIDJONSSON|Samúel Kári|FRIDJÓNSSON|MF|185|4|1
4|Albert GUDMUNDSSON|Iceland|GUDMUNDSSON|Albert|A. GUDMUNDSSON|MF|177|5|3
5|Sverrir INGASON|Iceland|INGASON|Sverrir Ingi|INGASON|DF|188|20|3
6|Ragnar SIGURDSSON|Iceland|SIGURDSSON|Ragnar|R. SIGURDSSON|DF|187|77|3
7|Johann GUDMUNDSSON|Iceland|GUDMUNDSSON|Johann Berg|J. GUDMUNDSSON|MF|179|67|7
8|Birkir BJARNASON|Iceland|BJARNASON|Birkir|BJARNASON|MF|183|67|9
9|Bjorn SIGURDARSON|Iceland|SIGURDARSON|Bjorn Bergmann|SIGURDARSON|FW|187|13|1
10|Gylfi SIGURDSSON|Iceland|SIGURDSSON|Gylfi Thor|G. SIGURDSSON|MF|186|57|19
11|Alfred FINNBOGASON|Iceland|FINNBOGASON|Alfred|FINNBOGASON|FW|185|47|13
12|Frederik SCHRAM|Iceland|SCHRAM|Frederik August Albrecht|SCHRAM|GK|198|4|0
13|Runar RUNARSSON|Iceland|RÚNARSSON|Rúnar Alex|RÚNARSSON|GK|186|3|0
14|Kari ARNASON|Iceland|ARNASON|Kari|ÁRNASON|DF|191|67|5
15|Holmar EYJOLFSSON|Iceland|EYJOLFSSON|Holmar Orn|EYJÓLFSSON|DF|188|10|1
16|Olafur SKULASON|Iceland|SKULASON|Olafur Ingi|Ó. SKÚLASON|MF|184|36|1
17|Aron GUNNARSSON|Iceland|GUNNARSSON|Aron Einar|GUNNARSSON|MF|181|77|2
18|Hordur MAGNUSSON|Iceland|MAGNUSSON|Hordur Bjorgvin|MAGNÚSSON|DF|191|16|2
19|Rurik GISLASON|Iceland|GISLASON|Rurik|GÍSLASON|MF|184|47|3
20|Emil HALLFREDSSON|Iceland|HALLFREDSSON|Emil|HALLFREDSSON|MF|186|64|1
21|Arnor TRAUSTASON|Iceland|TRAUSTASON|Arnor Ingvi|TRAUSTASON|MF|183|19|5
22|Jon BODVARSSON|Iceland|BODVARSSON|Jon Dadi|BÖDVARSSON|FW|189|38|2
23|Ari SKULASON|Iceland|SKULASON|Ari Freyr|A. SKÚLASON|DF|170|56|0
1|Ali BEIRANVAND|IR Iran|SAFARBEIRANVAND|Ali Reza|A. BEIRANVAND|GK|194|22|0
2|Mehdi TORABI|IR Iran|TORABI|Mahdi|M. TORABI|MF|185|15|4
3|Ehsan HAJI SAFI|IR Iran|HAJI SAFI|Ehsan|HAJI SAFI|DF|178|94|6
4|Roozbeh CHESHMI|IR Iran|CHESHMI|Roozbeh|R. CHESHMI|DF|192|9|1
5|Milad MOHAMMADI|IR Iran|MOHAMMADI KESHMARZI|Milad|M. MOHAMMADI|DF|178|19|0
6|Saeid EZATOLAHI|IR Iran|EZATOLAHI AFAGH|Saeid|S. EZATOLAHI|MF|190|25|2
7|Masoud SHOJAEI|IR Iran|SOLEIMANI SHOJAEI|Masoud|SHOJAEI. M|MF|187|74|8
8|Morteza POURALIGANJI|IR Iran|POURALIGANJI|Morteza|M. POURALIGANJI|DF|187|27|2
9|Omid EBRAHIMI|IR Iran|EBRAHIMI ZARANDINI|Omid|OMID|MF|178|29|0
10|Karim ANSARIFARD|IR Iran|ANSARIFARD|Karim|KARIM|FW|187|64|18
11|Vahid AMIRI|IR Iran|AMIRI|Vahid|V. AMIRI|MF|179|35|1
12|Rashid MAZAHERI|IR Iran|MAZAHERI|Mohammad Rashid|RASHID|GK|192|3|0
13|Mohammad Reza KHANZADEH|IR Iran|KHANZADEH DARABY|Mohammad Reza|M.R. KHANZADEH|DF|186|8|1
14|Saman GHODDOS|IR Iran|GHODDOOS|Seyed Saman|GHODDOS|FW|177|7|1
15|Pejman MONTAZERI|IR Iran|MONTAZERI|Pejman|P. MONTAZERI|DF|185|46|1
16|Reza GHOOCHANNEJHAD|IR Iran|GHOOCHANNEJHAD NOURNIA|Reza|REZA|FW|180|43|17
17|Mehdi TAREMI|IR Iran|TAREMI|Mehdi|MEHDI|FW|187|26|11
18|Alireza JAHANBAKHSH|IR Iran|JAHANBAKHSH JIRANDEH|Alireza|A. JAHANBAKHSH|FW|180|38|4
19|Majid HOSSEINI|IR Iran|HOSSEINI|Seyed Majid|M. HOSSEINI|DF|183|1|0
20|Sardar AZMOUN|IR Iran|AZMOUN|Sardar|SARDAR|FW|186|32|23
21|Ashkan DEJAGAH|IR Iran|DEJAGAH|Seyed Ashkan|DEJAGAH|FW|181|45|9
22|Amir ABEDZADEH|IR Iran|ABEDZADEH|Amir|ABEDZADEH|GK|186|1|0
23|Ramin REZAEIAN|IR Iran|REZAEIAN SEMESKANDI|Ramin|RAMIN|DF|185|26|2
1|Eiji KAWASHIMA|Japan|KAWASHIMA|Eiji|KAWASHIMA|GK|185|84|0
2|Naomichi UEDA|Japan|UEDA|Naomichi|UEDA|DF|186|4|0
3|Gen SHOJI|Japan|SHOJI|Gen|SHOJI|DF|182|12|1
4|Keisuke HONDA|Japan|HONDA|Keisuke|HONDA|MF|182|95|36
5|Yuto NAGATOMO|Japan|NAGATOMO|Yuto|NAGATOMO|DF|170|105|3
6|Wataru ENDO|Japan|ENDO|Wataru|ENDO|DF|178|12|0
7|Gaku SHIBASAKI|Japan|SHIBASAKI|Gaku|SHIBASAKI|MF|175|18|3
8|Genki HARAGUCHI|Japan|HARAGUCHI|Genki|HARAGUCHI|MF|178|33|6
9|Shinji OKAZAKI|Japan|OKAZAKI|Shinji|OKAZAKI|FW|174|113|50
10|Shinji KAGAWA|Japan|KAGAWA|Shinji|KAGAWA|MF|175|92|30
11|Takashi USAMI|Japan|USAMI|Takashi|USAMI|MF|178|24|3
12|Masaaki HIGASHIGUCHI|Japan|HIGASHIGUCHI|Masaaki|HIGASHIGUCHI|GK|184|5|0
13|Yoshinori MUTO|Japan|MUTO|Yoshinori|MUTO|FW|179|23|2
14|Takashi INUI|Japan|INUI|Takashi|INUI|MF|169|27|4
15|Yuya OSAKO|Japan|OSAKO|Yuya|OSAKO|FW|182|29|7
16|Hotaru YAMAGUCHI|Japan|YAMAGUCHI|Hotaru|YAMAGUCHI|MF|173|42|2
17|Makoto HASEBE|Japan|HASEBE|Makoto|HASEBE|MF|180|110|2
18|Ryota OHSHIMA|Japan|OHSHIMA|Ryota|OHSHIMA|MF|168|5|0
19|Hiroki SAKAI|Japan|SAKAI|Hiroki|H. SAKAI|DF|183|43|0
20|Tomoaki MAKINO|Japan|MAKINO|Tomoaki|MAKINO|DF|182|32|4
21|Gotoku SAKAI|Japan|SAKAI|Gotoku|G. SAKAI|DF|176|41|0
22|Maya YOSHIDA|Japan|YOSHIDA|Maya|YOSHIDA|DF|189|82|10
23|Kosuke NAKAMURA|Japan|NAKAMURA|Kosuke|NAKAMURA|GK|184|4|0
1|KIM Seunggyu|Korea Republic|KIM|Seunggyu S G KIM|S G KIM|GK|187|33|0
2|LEE Yong|Korea Republic|LEE|Yong Y LEE|Y LEE|DF|180|28|0
3|JUNG Seunghyun|Korea Republic|JUNG|Seunghyun S H JUNG|S H JUNG|DF|188|6|0
4|OH Bansuk|Korea Republic|OH|Bansuk B S OH|B S OH|DF|189|2|0
5|YUN Youngsun|Korea Republic|YUN|Youngsun Y S YUN|Y S YUN|DF|185|6|0
6|PARK Jooho|Korea Republic|PARK|Jooho J H PARK|J H PARK|DF|174|36|0
7|SON Heungmin|Korea Republic|SON|Heungmin H M SON|H M SON|FW|183|67|21
8|JU Sejong|Korea Republic|JU|Sejong S J JU|S J JU|MF|176|10|1
9|KIM Shinwook|Korea Republic|KIM|Shinwook S W KIM|S W KIM|FW|197|50|10
10|LEE Seungwoo|Korea Republic|LEE|Seungwoo S W LEE|Seungwoo S W LEE|MF|170|4|0
11|HWANG Heechan|Korea Republic|HWANG|Hee Chan H C HWANG|Hee Chan H C HWANG|FW|177|14|2
12|KIM Minwoo|Korea Republic|KIM|Minwoo M W KIM|Minwoo M W KIM|DF|172|20|1
13|KOO Jacheol|Korea Republic|KOO|Jacheol J C KOO|Jacheol J C KOO|MF|182|68|19
14|HONG Chul|Korea Republic|HONG|Chul C HONG|Chul C HONG|DF|176|14|0
15|JUNG Wooyoung|Korea Republic|JUNG|Wooyoung W Y JUNG|Wooyoung W Y JUNG|MF|186|29|1
16|KI Sungyueng|Korea Republic|KI|Sungyueng S Y KI|Sungyueng S Y KI|MF|186|102|10
17|LEE Jaesung|Korea Republic|LEE|Jaesung J S LEE|Jaesung J S LEE|MF|180|35|6
18|MOON Seonmin|Korea Republic|MOON|Seon Min S M MOON|Seon Min S M MOON|MF|172|3|1
19|KIM Younggwon|Korea Republic|KIM|Younggwon Y G KIM|Younggwon Y G KIM|DF|184|53|2
20|JANG Hyunsoo|Korea Republic|JANG|Hyunsoo H S JANG|Hyunsoo H S JANG|DF|187|51|3
21|KIM Jinhyeon|Korea Republic|KIM|Jinhyeon J H KIM|Jinhyeon J H KIM|GK|193|15|0
22|GO Yohan|Korea Republic|GO|Yohan Y H GO|Yohan Y H GO|DF|170|19|0
23|JO Hyeonwoo|Korea Republic|JO|Hyeonwoo H W JO|Hyeonwoo H W JO|GK|189|6|0
1|Jose CORONA|Mexico|CORONA RODRIGUEZ|Jose De Jesus|J. CORONA|GK|182|54|0
2|Hugo AYALA|Mexico|AYALA CASTRO|Hugo|H. AYALA|DF|188|43|1
3|Carlos SALCEDO|Mexico|SALCEDO HERNANDEZ|Carlos Joel|C. SALCEDO|DF|189|21|0
4|Rafael MARQUEZ|Mexico|MARQUEZ ALVAREZ|Rafael|R. MÁRQUEZ|DF|184|145|15
6|Jonathan DOS SANTOS|Mexico|DOS SANTOS RAMÍREZ|Jonathan|J. DOS SANTOS|MF|173|37|0
7|Miguel LAYUN|Mexico|LAYUN PRADO|Miguel Arturo|M. LAYÚN|MF|180|64|6
8|Marco FABIAN|Mexico|FABIAN DE LA MORA|Marco Jhonfai|M. FABIÁN|FW|171|39|9
9|Raul JIMENEZ|Mexico|JIMENEZ RODRIGUEZ|Raul Alonso|RAÚL|FW|188|63|14
1|Giovani DOS SANTOS|Mexico|DOS SANTOS RAMIREZ|Giovani|G. DOS SANTOS|MF|178|105|19
11|Carlos VELA|Mexico|VELA GARRIDO|Carlos Alberto|CARLOS V|FW|178|26|10
12|Alfredo TALAVERA|Mexico|TALAVERA DIAZ|Alfredo|A. TALAVERA|GK|188|28|0
13|Guillermo OCHOA|Mexico|OCHOA MAGANA|Francisco Guillermo|G. OCHOA|GK|185|94|0
14|Javier HERNANDEZ|Mexico|HERNANDEZ BALCAZAR|Javier|J. HERNÁNDEZ|FW|175|102|49
15|Hector MORENO|Mexico|MORENO HERRERA|Hector Alfredo|H. MORENO|DF|182|92|3
16|Hector HERRERA|Mexico|HERRERA LOPEZ|Hector Miguel|H. HERRERA|DF|180|66|5
17|Jesus CORONA|Mexico|CORONA RUIZ|Jesus Manuel|JESÚS C.|MF|174|36|7
18|Andres GUARDADO|Mexico|GUARDADO HERNANDEZ|Jose Andres|A. GUARDADO|MF|167|147|25
19|Oribe PERALTA|Mexico|PERALTA MORONES|Oribe|O. PERALTA|FW|178|66|26
20|Javier AQUINO|Mexico|AQUINO CARMONA|Javier Ignacio|J. AQUINO|MF|166|53|0
21|Edson ALVAREZ|Mexico|ALVAREZ VELAZQUEZ|Edson Omar|E. ÁLVAREZ|DF|186|13|1
22|Hirving LOZANO|Mexico|LOZANO BAHENA|Hirving Rodrigo|H. LOZANO|FW|176|28|7
23|Jesus GALLARDO|Mexico|GALLARDO VASCONCELOS|Jesus Daniel|J. GALLARDO|MF|177|23|0
1|Yassine BOUNOU|Morocco|BOUNOU|Yassine|BOUNOU|GK|190|34|0
2|Achraf HAKIMI|Morocco|HAKIMI|Achraf|HAKIMI|DF|179|12|1
3|Hamza MENDYL|Morocco|MENDYL|Hamza|MENDYL|DF|179|16|0
4|Manuel DA COSTA|Morocco|DA COSTA TRINDADE|Manuel Marouan|DA COSTA|DF|187|27|2
5|Mehdi BENATIA|Morocco|EL MOUTTAQUI|Mehdi Amine|BENATIA|DF|188|60|4
6|Ghanem SAISS|Morocco|SAISS|Ghanem|SAISS|DF|190|26|2
7|Hakim ZIYACH|Morocco|ZIYACH|Hakim|ZIYACH|MF|180|18|10
8|Karim EL AHMADI|Morocco|EL AHMADI AROUSSI|Karim|EL AHMADI|MF|179|52|1
9|Ayoub EL KAABI|Morocco|EL KAABI|Ayoub|EL KAABI|FW|182|3|2
1|Younes BELHANDA|Morocco|BELHANDA|Younes|BELHANDA|MF|174|50|5
11|Faycal FAJR|Morocco|FAJR|Faycal|FAJR|MF|178|24|2
12|Monir EL KAJOUI|Morocco|EL KAJOUI|Monir|EL KAJOUI|GK|190|33|0
13|Khalid BOUTAIB|Morocco|BOUTAIB|Khalid|BOUTAIB|FW|190|20|9
14|Mbark BOUSSOUFA|Morocco|BOUSSOUFA|M'bark|BOUSSOUFA|MF|167|61|7
15|Youssef AIT BENNASSER|Morocco|AIT BENNASSER|Youssef|AIT BENNASSER|MF|184|14|0
16|Noureddine AMRABAT|Morocco|AMRABAT|Noureddine|N. AMRABAT|MF|178|45|4
17|Nabil DIRAR|Morocco|DIRAR|Nabil|DIRAR|DF|187|38|5
18|Amine HARIT|Morocco|HARIT|Amine|HARIT|MF|179|7|0
19|Youssef EN NESYRI|Morocco|EN NESYRI|Youssef|EN-NESYRI|FW|188|16|2
20|Aziz BOUHADDOUZ|Morocco|BOUHADDOUZ|Aziz|BOUHADDOUZ|FW|188|15|3
21|Sofyan AMRABAT|Morocco|AMRABAT|Sofyan|S. AMRABAT|MF|183|6|0
22|Ahmed TAGNAOUTI|Morocco|TAGNAOUTI|Ahmed Reda|TAGNAOUTI|GK|186|5|0
23|Mehdi CARCELA|Morocco|CARCELA GONZALEZ|Mehdi François|CARCELA|MF|176|21|1
1|kechukwu EZENWA|Nigeria|EZENWA|Ikechukwu Vincent|EZENWA|GK|181|24|0
2|Bryan IDOWU|Nigeria|IDOWU|Bryan Oladapo|IDOWU|DF|179|5|0
3|Elderson ECHIEJILE|Nigeria|ECHIEJILE|Elderson Uwa|ECHIEJILE|DF|185|59|2
4|Wilfred NDIDI|Nigeria|NDIDI|Onyinye Wilfred|NDIDI|MF|184|17|0
5|William EKONG|Nigeria|EKONG|William Paul|EKONG|DF|191|21|1
6|Leon BALOGUN|Nigeria|BALOGUN|Leon Aderemi|BALOGUN|DF|190|19|0
7|Ahmed MUSA|Nigeria|MUSA|Ahmed|MUSA|FW|173|70|13
8|Oghenekaro ETEBO|Nigeria|ETEBO|Oghenekaro Peter|ETEBO|MF|174|12|1
9|Odion IGHALO|Nigeria|IGHALO|Odion Jude|IGHALO|FW|188|19|4
1|John Obi MIKEL|Nigeria|MIKEL|John Obi|MIKEL|MF|188|82|6
11|Victor MOSES|Nigeria|MOSES|Victor|MOSES|FW|177|31|11
12|Abdullahi SHEHU|Nigeria|SHEHU|Abdullahi|SHEHU|DF|182|15|0
13|Simeon NWANKWO|Nigeria|NWANKWO|Simeon Tochukwu|NWANKWO|FW|197|2|0
14|Kelechi IHEANACHO|Nigeria|IHEANACHO|Kelechi Promise|IHEANACHO|FW|183|17|8
15|Joel OBI|Nigeria|OBI|Joel Chukwuma|OBI|MF|177|17|0
16|Daniel AKPEYI|Nigeria|AKPEYI|Daniel|AKPEYI|GK|187|6|0
17|Ogenyi ONAZI|Nigeria|ONAZI|Ogenyi Eddy|ONAZI|MF|172|50|1
18|Alex IWOBI|Nigeria|IWOBI|Alexander Chuka|IWOBI|FW|185|18|5
19|John OGU|Nigeria|OGU|Ugochukwu John|OGU|MF|191|19|2
20|Chidozie AWAZIEM|Nigeria|AWAZIEM|Chidozie Collins|AWAZIEM|DF|192|3|0
21|Tyronne EBUEHI|Nigeria|EBUEHI|Tyronne Efe|EBUEHI|DF|187|7|0
22|Kenneth OMERUO|Nigeria|OMERUO|Kenneth Josiah|OMERUO|DF|185|38|0
23|Francis UZOHO|Nigeria|UZOHO|Francis Odinaka|UZOHO|GK|196|6|0
1|Jaime PENEDO|Panama|PENEDO CANO|Jaime Manuel|PENEDO|GK|183|131|0
2|Michael MURILLO|Panama|MURILLO BERMUDEZ|Michael Amir|MURILLO|DF|183|22|2
3|Harold CUMMINGS|Panama|CUMMINGS SEGURA|Harold Oshkaly|CUMMINGS|DF|183|47|0
4|Fidel ESCOBAR|Panama|ESCOBAR MENDIETA|Fidel|ESCOBAR|DF|182|23|1
5|Roman TORRES|Panama|TORRES MORCILLO|Román|R. TORRES|DF|188|108|10
6|Gabriel GOMEZ|Panama|GOMEZ GIRON|Gabriel Enrique|GOMEZ|MF|183|142|11
7|Blas PEREZ|Panama|PEREZ ORTEGA|Blas Antonio Miguel|PEREZ|FW|187|117|43
8|Edgar BARCENAS|Panama|BARCENAS HERRERA|Edgar Yoel|BARCENAS|MF|175|29|0
9|Gabriel TORRES|Panama|TORRES TEJADA|Gabriel Arturo|G. TORRES|FW|180|72|14
10|Ismael DIAZ|Panama|DIAZ DE LEON|Ismael|DIAZ|FW|181|8|2
11|Armando COOPER|Panama|COOPER WHITAKER|Armando Enrique|COOPER|MF|173|97|7
12|Jose CALDERON|Panama|CALDERON FRIAS|Jose De Jesus|CALDERON|GK|187|32|0
13|Adolfo MACHADO|Panama|MACHADO|Adolfo Abdiel|MACHADO|DF|182|76|1
14|Valentin PIMENTEL|Panama|PIMENTEL ARMUELLES|Valentin Enrique|PIMENTEL|MF|189|23|1
15|Eric DAVIS|Panama|DAVIS GRAJALES|Eric Javier|DAVIS|DF|180|38|0
16|Abdiel ARROYO|Panama|ARROYO MOLINAR|Abdiel|ARROYO|FW|183|33|5
17|Luis OVALLE|Panama|OVALLE VICTORIA|Luis Carlos|OVALLE|DF|178|25|0
18|Luis TEJADA|Panama|TEJADA HANSELL|Luis Carlos|TEJADA|FW|183|104|43
19|Ricardo AVILA|Panama|AVILA|Ricardo|AVILA|MF|182|5|0
20|Anibal GODOY|Panama|GODOY LEMUS|Anibal Casis|GODOY|MF|183|88|1
21|Jose Luis RODRIGUEZ|Panama|RODRIGUEZ FRANCIS|José Luis|J. RODRIGUEZ|MF|180|2|0
22|Alex RODRIGUEZ|Panama|RODRIGUEZ LEDEZMA|Alex Raul|RODRIGUEZ|GK|197|6|0
23|Felipe BALOY|Panama|BALOY RAMIREZ|Felipe Abdiel|BALOY|DF|185|100|3
1|Pedro GALLESE|Peru|GALLESE QUIROZ|Pedro David|GALLESE|GK|189|39|0
2|Alberto RODRIGUEZ|Peru|RODRIGUEZ VALDELOMAR|Alberto Junior|RODRIGUEZ|DF|179|73|0
3|Aldo CORZO|Peru|CORZO CHAVEZ|Aldo Sebastian|CORZO|DF|172|24|0
4|Anderson SANTAMARIA|Peru|SANTAMARIA BARDALES|Anderson|SANTAMARIA|DF|183|6|0
5|Miguel ARAUJO|Peru|ARAUJO BLANCO|Miguel Gianpierre|ARAUJO|DF|178|8|0
6|Miguel TRAUCO|Peru|TRAUCO SAAVEDRA|Miguel Angel|TRAUCO|DF|169|26|0
7|Paolo HURTADO|Peru|HURTADO HUERTAS|Christopher Paolo César|HURTADO|MF|174|33|3
8|Christian CUEVA|Peru|CUEVA BRAVO|Christian Alberto|CUEVA|MF|169|45|8
9|Paolo GUERRERO|Peru|GUERRERO GONZALES|Jose Paolo|GUERRERO|FW|185|89|35
10|Jefferson FARFAN|Peru|FARFAN GUADALUPE|Jefferson Agustin|FARFAN|FW|177|84|25
11|Raul RUIDIAZ|Peru|RUIDIAZ MISITICH|Raul Mario|RUIDIAZ|FW|169|30|4
12|Carlos CACEDA|Peru|CACEDA OLLAGUEZ|Carlos Alberto|CACEDA|GK|184|6|0
13|Renato TAPIA|Peru|TAPIA CORTIJO|Renato Fabrizio|TAPIA|MF|185|31|3
14|Andy POLO|Peru|POLO ANDRADE|Andy Jorman|POLO|MF|174|17|1
15|Christian RAMOS|Peru|RAMOS GARAGAY|Christian Guillermo Martin|RAMOS|DF|182|70|3
16|Wilder CARTAGENA|Peru|CARTAGENA MENDOZA|Wilder Jose|CARTAGENA|MF|179|3|0
17|Luis ADVINCULA|Peru|ADVINCULA CASTRILLON|Luis Jan Piers|ADVINCULA|DF|178|65|0
18|Andre CARRILLO|Peru|CARRILLO DIAZ|Andre Martin|CARRILLO|FW|182|46|5
19|Yoshimar YOTUN|Peru|YOTUN FLORES|Victor Yoshimar|YOTUN|MF|172|73|2
20|Edison FLORES|Peru|FLORES PERALTA|Edison Michael|FLORES|FW|170|29|9
21|Jose CARVALLO|Peru|CARVALLO ALONSO|Jose Aurelio|CARVALLO|GK|182|6|0
22|Nilson LOYOLA|Peru|LOYOLA MORALES|Nilson Evair|LOYOLA|DF|179|3|0
23|Pedro AQUINO|Peru|AQUINO SANCHEZ|Pedro Jesus|AQUINO|MF|174|13|0
1|Wojciech SZCZESNY|Poland|SZCZĘSNY|Wojciech Tomasz|SZCZESNY|GK|195|35|0
2|Michal PAZDAN|Poland|PAZDAN|Michal|PAZDAN|DF|181|33|0
3|Artur JEDRZEJCZYK|Poland|JEDRZEJCZYK|Artur Marcin|JEDRZEJCZYK|DF|189|36|3
4|Thiago CIONEK|Poland|CIONEK|Thiago Ranagel|CIONEK|DF|184|19|0
5|Jan BEDNAREK|Poland|BEDNAREK|Jan Kacper|BEDNAREK|DF|189|3|0
5|Krzysztof MACZYNSKI|Poland|MACZYNSKI|Krzysztof|MACZYNSKI|MF|175|0|0
6|Jacek GORALSKI|Poland|GORALSKI|Jacek|GORALSKI|MF|172|5|0
7|Arkadiusz MILIK|Poland|MILIK|Arkadiusz Krystian|MILIK|FW|186|40|12
8|Karol LINETTY|Poland|LINETTY|Karol|LINETTY|MF|176|20|1
9|Robert LEWANDOWSKI|Poland|LEWANDOWSKI|Robert|LEWANDOWSKI|FW|185|95|55
10|Grzegorz KRYCHOWIAK|Poland|KRYCHOWIAK|Grzegorz|KRYCHOWIAK|MF|186|51|2
11|Kamil GROSICKI|Poland|GROSICKI|Kamil Pawel|GROSICKI|MF|180|57|12
12|Bartosz BIALKOWSKI|Poland|BIALKOWSKI|Bartosz Marek|BIALKOWSKI|GK|194|1|0
13|Maciej RYBUS|Poland|RYBUS|Maciej|RYBUS|MF|173|51|2
14|Lukasz TEODORCZYK|Poland|TEODORCZYK|Lukasz|TEODORCZYK|FW|185|17|4
15|Kamil GLIK|Poland|GLIK|Kamil|GLIK|DF|190|58|4
16|Jakub BLASZCZYKOWSKI|Poland|BŁASZCZYKOWSKI|Jakub|BLASZCZYKOWSKI|MF|175|99|20
17|Slawomir PESZKO|Poland|PESZKO|Slawomir Konrad|PESZKO|MF|173|43|2
18|Bartosz BERESZYNSKI|Poland|BERESZYNSKI|Bartosz|BERESZYNSKI|DF|182|8|0
19|Piotr ZIELINSKI|Poland|ZIELINSKI|Piotr Sebastian|ZIELINSKI|MF|177|33|5
20|Lukasz PISZCZEK|Poland|PISZCZEK|Lukasz Piotr|PISZCZEK|DF|184|63|3
21|Rafal KURZAWA|Poland|KURZAWA|Rafal Maciej|KURZAWA|MF|182|3|0
22|Lukasz FABIANSKI|Poland|FABIAŃSKI|Lukasz|FABIANSKI|GK|190|45|0
23|Dawid KOWNACKI|Poland|KOWNACKI|Dawid Igor|KOWNACKI|FW|185|2|1
1|RUI PATRICIO|Portugal|DOS SANTOS PATRÍCIO|Rui Pedro|RUI PATRICIO|GK|189|69|0
2|BRUNO ALVES|Portugal|REGUFE ALVES|Bruno Eduardo|B. ALVES|DF|187|96|11
3|PEPE|Portugal|DE LIMA FERREIRA|Kepler Laveran|PEPE|DF|188|95|5
4|MANUEL FERNANDES|Portugal|TAVARES FERNANDES|Manuel Henrique|M. FERNANDES|MF|174|14|3
5|RAPHAEL GUERREIRO|Portugal|GUERREIRO|Raphael Adelino José|RAPHAEL|DF|170|24|2
6|JOSE FONTE|Portugal|DA ROCHA FONTE|José Miguel|FONTE|DF|191|31|0
7|CRISTIANO RONALDO|Portugal|DOS SANTOS AVEIRO|Cristiano Ronaldo|RONALDO|FW|185|150|81
8|JOAO MOUTINHO|Portugal|IRIA SANTOS MOUTINHO|João Filipe|J. MOUTINHO|MF|170|110|7
9|ANDRE SILVA|Portugal|VALENTE DA SILVA|André Miguel|ANDRÉ SILVA|FW|184|22|12
10|JOAO MARIO|Portugal|NAVAL DA COSTA EDUARDO|João Mário|J. MÁRIO|MF|179|36|2
11|BERNARDO SILVA|Portugal|MOTA VEIGA DE CARVALHO ESILVA|Bernardo|BERNARDO|MF|173|25|2
12|ANTHONY LOPES|Portugal|LOPES|Anthony|LOPES|GK|184|7|0
13|RUBEN DIAS|Portugal|DOS SANTOS GATO ALVES DIAS|Rúben|RUBEN DIAS|DF|187|1|0
14|WILLIAM|Portugal|SILVA DE CARVALHO|William|WILLIAM|MF|190|43|2
15|RICARDO|Portugal|BARBOSA PEREIRA|Ricardo Domingos|RICARDO|DF|174|4|0
16|BRUNO FERNANDES|Portugal|BORGES FERNANDES|Bruno Miguel|B. FERNANDES|MF|183|6|1
17|GONCALO GUEDES|Portugal|GANCHINHO GUEDES|Gonçalo Manuel|G. GUEDES|FW|179|10|3
18|GELSON MARTINS|Portugal|BATALHA MARTINS|Gelson Dany|GELSON|FW|173|18|0
19|MARIO RUI|Portugal|SILVA DUARTE|Mário Rui|MÁRIO RUI|DF|168|4|0
20|RICARDO QUARESMA|Portugal|ANDRADE QUARESMA BERNARDO|Ricardo|QUARESMA|FW|175|77|9
21|CEDRIC|Portugal|ALVES SOARES|Cédric Ricardo|CÉDRIC|DF|172|29|1
22|BETO|Portugal|BASTOS PIMPAREL|António Alberto|BETO|GK|183|14|0
23|ADRIEN SILVA|Portugal|PERRUCHET DA SILVA|Adrien Sébastien|ADRIEN|MF|176|24|1
1|Igor AKINFEEV|Russia|AKINFEEV|Igor|AKINFEEV|GK|185|107|0
2|MARIO FERNANDES|Russia|FIGUEIRA FERNANDES|Mario|FERNANDES|DF|187|6|0
3|Ilya KUTEPOV|Russia|KUTEPOV|Ilya|KUTEPOV|DF|190|8|0
4|Sergey IGNASHEVICH|Russia|IGNASHEVICH|Sergey|IGNASHEVICH|DF|186|123|9
5|Andrey SEMENOV|Russia|SEMENOV|Andrey|SEMENOV|DF|191|6|0
6|Denis CHERYSHEV|Russia|CHERYSHEV|Denis|CHERYSHEV|MF|173|12|2
7|Daler KUZIAEV|Russia|KUZIAEV|Daler|KUZIAEV|MF|182|7|0
8|Iury GAZINSKY|Russia|GAZINSKII|Iurii|GAZINSKII|MF|180|7|1
9|Alan DZAGOEV|Russia|DZAGOEV|Alan|DZAGOEV|MF|178|58|9
10|Fedor SMOLOV|Russia|SMOLOV|Fedor|SMOLOV|FW|185|33|12
11|Roman ZOBNIN|Russia|ZOBNIN|Roman|ZOBNIN|MF|185|13|0
12|Andrei LUNEV|Russia|LUNEV|Andrei|LUNEV|GK|189|3|0
13|Fedor KUDRIASHOV|Russia|KUDRIASHOV|Fedor|KUDRIASHOV|DF|187|19|0
14|Vladimir GRANAT|Russia|GRANAT|Vladimir|GRANAT|DF|184|12|1
15|Alexey MIRANCHUK|Russia|MIRANCHUK|Alexey|AL MIRANCHUK|MF|185|18|4
16|Anton MIRANCHUK|Russia|MIRANCHUK|Anton|AN MIRANCHUK|MF|182|6|0
17|Aleksandr GOLOVIN|Russia|GOLOVIN|Aleksandr|GOLOVIN|MF|178|20|3
18|Yury ZHIRKOV|Russia|ZHIRKOV|Yury|ZHIRKOV|MF|180|85|2
19|Alexander SAMEDOV|Russia|SAMEDOV|Alexander|SAMEDOV|MF|178|49|7
20|Vladimir GABULOV|Russia|GABULOV|Vladimir|GABULOV|GK|190|10|0
21|Aleksandr EROKHIN|Russia|EROKHIN|Aleksandr|EROKHIN|MF|191|17|0
22|Artem DZYUBA|Russia|DZYUBA|Artem|DZYUBA|FW|196|24|12
23|Igor SMOLNIKOV|Russia|SMOLNIKOV|Igor|SMOLNIKOV|DF|179|27|0
1|ABDULLAH ALMUAIOUF|Saudi Arabia|ALMUAIOUF|Abdullah Ibrahim A|ABDULLAH|GK|178|9|0
2|MANSOUR ALHARBI|Saudi Arabia|ALHARBI|Mansour|MANSOUR|DF|173|39|1
3|OSAMA HAWSAWI|Saudi Arabia|HAWSAWI|Osama Abdulrzag M|OSAMA|DF|188|136|7
4|ALI ALBULAYHI|Saudi Arabia|ALBULAYHI|Ali Hadi M|ALI|DF|182|4|0
5|OMAR HAWSAWI|Saudi Arabia|HAWSAWI|Omar Ibrahim O|OMAR|DF|185|41|3
6|MOHAMMED ALBURAYK|Saudi Arabia|ALBURAYK|Mohammed Ibrahim M|ALBURAYK|DF|173|10|0
7|SALMAN ALFARAJ|Saudi Arabia|ALFARAJ|Salman Mohammed M|SALMAN|MF|179|40|2
8|YAHIA ALSHEHRI|Saudi Arabia|ALSHEHRI|Yahia Sulaiman Ali|YAHIA|MF|165|57|7
9|HATAN BAHBRI|Saudi Arabia|BAHBRI|Hatan Sultan|HATAN|MF|170|6|0
10|MOHAMMED ALSAHLAWI|Saudi Arabia|ALSAHLAWI|Mohammed IbrahimMohammad|ALSAHLAWI|FW|179|41|28
11|ABDULMALEK ALKHAIBRI|Saudi Arabia|ALKHAIBRI|Abdulmalek Abdullah A|ABDULMALEK|MF|177|33|0
12|MOHAMED KANNO|Saudi Arabia|KANNO|Mohamed Ibrahim A|KANNO|MF|192|6|1
13|YASSER ALSHAHRANI|Saudi Arabia|ALSHAHRANI|Yasir Gharsan S|YASSER|DF|170|36|0
14|ABDULLAH OTAYF|Saudi Arabia|OTAYF|Abdullah Ibrahim I|OTAYF|MF|177|14|1
15|ABDULLAH ALKHAIBARI|Saudi Arabia|ALKHAIBARI|Abdullah Mohammed|ALKHAIBARI|MF|175|5|0
16|HUSSAIN ALMOQAHWI|Saudi Arabia|ALMOQAHWI|Hussain Ali J|HUSSAIN|MF|174|16|1
17|TAISEER ALJASSAM|Saudi Arabia|ALJASSAM|Taiseer Jaber|TAISEER|MF|169|133|19
18|SALEM ALDAWSARI|Saudi Arabia|ALDAWSARI|Salem Mohammed S|SALEM|MF|174|32|4
19|FAHAD ALMUWALLAD|Saudi Arabia|ALMUWALLAD ALHARBI|Fhad Mosaed|FAHAD|FW|168|46|10
20|MUHANNAD ASIRI|Saudi Arabia|ABU RADIYAH|Muhannad Ahmed|MUHANNAD|FW|185|18|4
21|YASSER ALMOSAILEM|Saudi Arabia|ALMOSAILEM|Yasser Abdullah N|ALMOSAILEM|GK|186|32|0
22|MOHAMMED ALOWAIS|Saudi Arabia|ALOWAIS|Mohammed|ALOWAIS|GK|187|6|0
23|MOTAZ HAWSAWI|Saudi Arabia|HAWSAWI|Motaz Ali Hassan|MOTAZ|DF|180|16|0
1|Abdoulaye DIALLO|Senegal|DIALLO|Abdoulaye|DIALLO|GK|189|16|0
2|Saliou CISS|Senegal|CISS|Saliou|CISS|DF|173|18|0
3|Kalidou KOULIBALY|Senegal|KOULIBALY|Kalidou|KOULIBALY|DF|195|26|1
4|Kara MBODJI|Senegal|MBODJI|Serigne Modou Kara|KARA|DF|192|43|5
5|Idrissa Gana GUEYE|Senegal|GUEYE|Idrissa Gana|GANA|MF|174|55|1
6|Salif SANE|Senegal|SANE|Salif|S. SANE|MF|196|18|0
7|Moussa SOW|Senegal|SOW|Moussa|SOW|FW|180|46|19
8|Cheikhou KOUYATE|Senegal|KOUYATE|Cheikhou|C. KOUYATE|MF|189|48|3
9|Mame DIOUF|Senegal|DIOUF|Mame Biram|M. DIOUF|FW|185|44|10
10|Sadio MANE|Senegal|MANE|Sadio|MANE|FW|175|52|14
11|Cheikh NDOYE|Senegal|N'DOYE|Cheikh Tidiane|CH. NDOYE|MF|192|27|3
12|Youssouf SABALY|Senegal|SABALY|Youssouf|SABALY|DF|174|6|0
13|Alfred NDIAYE|Senegal|N'DIAYE|Alfred John Momar|A. NDIAYE|MF|186|16|1
14|Moussa KONATE|Senegal|KONATE|Moussa|KONATE|FW|180|26|9
15|Diafra SAKHO|Senegal|SAKHO|Diafra|SAKHO|FW|184|11|3
16|Khadim NDIAYE|Senegal|NDIAYE|Khadim|KH. NDIAYE|GK|185|42|0
17|Pape Alioune NDIAYE|Senegal|NDIAYE|Pape Alioune|P.A. NDIAYE|MF|181|16|1
18|Ismaila SARR|Senegal|SARR|Ismaila|ISMAÏLA|FW|175|13|3
19|Mbaye NIANG|Senegal|NIANG|Mbaye Hamady|NIANG|FW|184|8|0
20|Keita BALDE|Senegal|BALDE DIAO|Keita|KEÏTA BALDE|FW|181|18|3
21|Lamine GASSAMA|Senegal|GASSAMA|Lamine|GASSAMA|DF|181|39|0
22|Moussa WAGUE|Senegal|WAGUE|Moussa|M. WAGUE|DF|177|7|0
23|Alfred GOMIS|Senegal|GOMIS|Amigo Alfred Junior|GOMIS|GK|196|5|0
1|Vladimir STOJKOVIC|Serbia|STOJKOVIĆ|Vladimir|STOJKOVIĆ|GK|195|81|0
2|Antonio RUKAVINA|Serbia|RUKAVINA|Antonio|RUKAVINA|DF|177|47|0
3|Dusko TOSIC|Serbia|TOŠIĆ|Duško|TOŠIĆ|DF|185|24|1
4|Luka MILIVOJEVIC|Serbia|MILIVOJEVIĆ|Luka|MILIVOJEVIĆ|MF|186|28|1
5|Uros SPAJIC|Serbia|SPAJIC|Uros|SPAJIĆ|DF|188|5|0
6|Branislav IVANOVIC|Serbia|IVANOVIĆ|Branislav|IVANOVIĆ|DF|185|103|13
7|Andrija ZIVKOVIC|Serbia|ŽIVKOVIĆ|Andrija|ŽIVKOVIĆ|MF|169|10|0
8|Aleksandar PRIJOVIC|Serbia|PRIJOVIĆ|Aleksandar|PRIJOVIĆ|FW|191|9|1
9|Aleksandar MITROVIC|Serbia|MITROVIC|Aleksandar|MITROVIĆ|FW|189|38|16
10|Dusan TADIC|Serbia|TADIĆ|Dušan|TADIĆ|MF|181|53|12
11|Aleksandar KOLAROV|Serbia|KOLAROV|Aleksandar|KOLAROV|DF|187|76|10
12|Predrag RAJKOVIC|Serbia|RAJKOVIĆ|Predrag|RAJKOVIĆ|GK|191|8|0
13|Milos VELJKOVIC|Serbia|VELJKOVIĆ|Miloš|VELJKOVIĆ|DF|188|2|0
14|Milan RODIC|Serbia|RODIĆ|Milan|RODIĆ|DF|185|1|0
15|Nikola MILENKOVIC|Serbia|MILENKOVIĆ|Nikola|MILENKOVIĆ|DF|195|3|0
16|Marko GRUJIC|Serbia|GRUJIĆ|Marko|GRUJIĆ|MF|190|7|0
17|Filip KOSTIC|Serbia|KOSTIĆ|Filip|KOSTIĆ|MF|184|23|2
18|Nemanja RADONJIC|Serbia|RADONJIĆ|Nemanja|RADONJIĆ|FW|185|3|0
19|Luka JOVIC|Serbia|JOVIĆ|Luka|JOVIĆ|FW|181|1|0
20|Sergej MILINKOVIC-SAVIC|Serbia|MILINKOVIĆ-SAVIĆ|Sergej|SERGEJ|MF|192|4|0
21|Nemanja MATIC|Serbia|MATIĆ|Nemanja|MATIĆ|MF|194|40|2
22|Adem LJAJIC|Serbia|LJAJIĆ|Adem|LJAJIĆ|MF|182|30|6
23|Marko DMITROVIC|Serbia|DMITROVIĆ|Marko|DMITROVIĆ|GK|194|2|0
1|David DE GEA|Spain|DE GEA QUINTANA|David|DE GEA|GK|190|29|0
2|Dani CARVAJAL|Spain|CARVAJAL RAMOS|Daniel|CARVAJAL|DF|173|15|0
3|Gerard PIQUE|Spain|PIQUÉ BERNABEU|Gerard|PIQUÉ|DF|194|98|5
4|NACHO|Spain|FERNÁNDEZ IGLESIAS|José Ignacio|NACHO|DF|179|17|0
5|Sergio BUSQUETS|Spain|BUSQUETS BURGOS|Sergio|SERGIO|MF|189|103|2
6|Andres INIESTA|Spain|INIESTA LUJAN|Andres|A. INIESTA|MF|171|127|13
7|SAUL|Spain|ÑIGUEZ ESCLAPEZ|Saúl|SAÚL|MF|183|10|0
8|KOKE|Spain|RESURRECCIÓN MERODIO|Jorge|KOKE|MF|176|40|0
9|RODRIGO|Spain|MORENO MACHADO|Rodrigo|RODRIGO M.|FW|182|6|2
10|THIAGO|Spain|ALCANTARA DO NASCIMENTO|Thiago|THIAGO|MF|174|29|2
11|Lucas VAZQUEZ|Spain|VÁZQUEZ IGLESIAS|Lucas|LUCAS V.|FW|173|7|0
12|Alvaro ODRIOZOLA|Spain|ODRIOZOLA ARZALLUS|Álvaro|ODRIOZOLA|DF|178|4|1
13|Kepa ARRIZABALAGA|Spain|ARRIZABALAGA REVUELTA|Kepa|ARRIZABALAGA|GK|189|1|0
14|Cesar AZPILICUETA|Spain|AZPILICUETA TANCO|César|AZPILICUETA|DF|178|22|0
15|Sergio RAMOS|Spain|RAMOS GARCIA|Sergio|RAMOS|DF|183|152|13
16|Nacho MONREAL|Spain|MONREAL ERASO|Ignacio|MONREAL|DF|179|22|1
17|Iago ASPAS|Spain|ASPAS JUNCAL|Iago|IAGO ASPAS|FW|176|10|5
18|Jordi ALBA|Spain|ALBA RAMOS|Jordi|JORDI ALBA|DF|170|62|8
19|Diego COSTA|Spain|DA SILVA COSTA|Diego|DIEGO COSTA|FW|185|20|7
20|Marco ASENSIO|Spain|ASENSIO WILLEMSEN|Marco|ASENSIO|MF|182|12|0
21|David SILVA|Spain|JIMENEZ SILVA|David Josue|SILVA|FW|170|121|35
22|ISCO|Spain|ALARCON SUAREZ|Francisco Roman|ISCO|MF|176|28|10
23|Pepe REINA|Spain|REINA PAEZ|José Manuel|REINA|GK|188|36|0
1|Robin OLSEN|Sweden|OLSEN|Robin Patrick|OLSEN|GK|198|18|0
2|Mikael LUSTIG|Sweden|LUSTIG|Carl Mikael|LUSTIG|DF|189|66|6
3|Victor LINDELOF|Sweden|NILSSON LINDELÖF|Victor Jörgen|LINDELÖF|DF|187|21|1
4|Andreas GRANQVIST|Sweden|GRANQVIST|Andreas|GRANQVIST|DF|192|72|6
5|Martin OLSSON|Sweden|OLSSON|Martin Tony Waikwa|OLSSON|DF|177|43|5
6|Ludwig AUGUSTINSSON|Sweden|AUGUSTINSSON|Hans Carl Ludwig|AUGUSTINSSON|DF|181|15|0
7|Sebastian LARSSON|Sweden|LARSSON|Bengt Ulf Sebastian|LARSSON|MF|178|100|6
8|Albin EKDAL|Sweden|EKDAL|Albin|EKDAL|MF|186|34|0
9|Marcus BERG|Sweden|BERG|Bengt Erik Markus|BERG|FW|183|57|18
10|Emil FORSBERG|Sweden|FORSBERG|Emil Peter|FORSBERG|MF|179|36|6
11|John GUIDETTI|Sweden|GUIDETTI|John Alberto|GUIDETTI|FW|185|20|1
12|Karl-Johan JOHNSSON|Sweden|JOHNSSON|Karl-Johan Anton|JOHNSSON|GK|187|5|0
13|Gustav SVENSSON|Sweden|SVENSSON|Karl Gustav Johan|SVENSSON|MF|183|13|0
14|Filip HELANDER|Sweden|HELANDER|Filip Viktor|HELANDER|DF|192|4|0
15|Oscar HILJEMARK|Sweden|HILJEMARK|Oscar Karl Niclas|HILJEMARK|MF|184|22|2
16|Emil KRAFTH|Sweden|KRAFT|Emil Henry Kristoffer|KRAFTH|DF|181|13|0
17|Viktor CLAESSON|Sweden|CLAESSON|Viktor Johan Anton|CLAESSON|MF|183|22|3
18|Pontus JANSSON|Sweden|JANSSON|Pontus Sven Gustav|JANSSON|DF|194|15|0
19|Marcus ROHDEN|Sweden|ROHDÉN|Marcus Christer|ROHDÉN|MF|182|12|1
20|Ola TOIVONEN|Sweden|TOIVONEN|Nils Ola|TOIVONEN|FW|192|59|13
21|Jimmy DURMAZ|Sweden|DURMAZ|Jakup Jimmy|DURMAZ|MF|180|45|3
22|Isaac Kiese THELIN|Sweden|THELIN|Isaac Kiese|KIESE THELIN|FW|189|20|2
23|Kristoffer NORDFELDT|Sweden|NORDFELDT|Bo Kristoffer|NORDFELDT|GK|190|8|0
1|Yann SOMMER|Switzerland|SOMMER|Yann|SOMMER|GK|183|35|0
2|Stephan LICHTSTEINER|Switzerland|LICHTSTEINER|Stephan|LICHTSTEINER|DF|181|100|8
3|Francois MOUBANDJE|Switzerland|MOUBANDJE|Jacques Francois|MOUBANDJE|DF|180|18|0
4|Nico ELVEDI|Switzerland|ELVEDI|Nico|ELVEDI|DF|187|6|0
5|Manuel AKANJI|Switzerland|AKANJI|Manuel Obafemi|AKANJI|DF|186|7|0
6|Michael LANG|Switzerland|LANG|Michael Rico|LANG|DF|185|24|2
7|Breel EMBOLO|Switzerland|EMBOLO|Breel Donald|EMBOLO|FW|184|25|3
8|Remo FREULER|Switzerland|FREULER|Remo Marco|FREULER|MF|181|10|0
9|Haris SEFEROVIC|Switzerland|SEFEROVIC|Haris|SEFEROVIC|FW|186|51|12
10|Granit XHAKA|Switzerland|XHAKA|Granit|XHAKA|MF|183|62|9
11|Valon BEHRAMI|Switzerland|BEHRAMI|Valon|BEHRAMI|MF|184|79|2
12|Yvon MVOGO|Switzerland|MVOGO NGANOMA|Yvon Landry|MVOGO|GK|186|0|0
13|Ricardo RODRIGUEZ|Switzerland|RODRIGUEZ ARAYA|Ricardo Ivan|RODRIGUEZ|DF|180|53|5
14|Steven ZUBER|Switzerland|ZUBER|Steven|ZUBER|MF|182|12|3
15|Blerim DZEMAILI|Switzerland|DZEMAILI|Blerim|DZEMAILI|MF|180|65|10
16|Gelson FERNANDES|Switzerland|TAVARES FERNANDES|Gelson Da Conceicao|G. FERNANDES|MF|180|67|2
17|Denis ZAKARIA|Switzerland|ZAKARIA LAKO LADO|Denis Lemi|ZAKARIA|MF|189|10|0
18|Mario GAVRANOVIC|Switzerland|GAVRANOVIC|Mario|GAVRANOVIC|FW|175|14|5
19|Josip DRMIC|Switzerland|DRMIC|Josip|DRMIC|FW|184|29|9
20|Johan DJOUROU|Switzerland|DJOUROU GBADJERE|Danon Issouf Johannes|DJOUROU|DF|192|74|2
21|Roman BUERKI|Switzerland|BÜRKI|Roman|BÜRKI|GK|188|9|0
22|Fabian SCHAER|Switzerland|SCHÄR|Fabian Lukas|SCHÄR|DF|186|39|7
23|Xherdan SHAQIRI|Switzerland|SHAQIRI|Xherdan|SHAQIRI|MF|169|70|20
1|Farouk BEN MUSTAPHA|Tunisia|BEN MUSTAPHA|Farouk|BEN MUSTAPHA|GK|192|14|0
2|Syam BEN YOUSSEF|Tunisia|BEN YOUSSEF|Syam Habib|BEN YOUSSEF .S|DF|189|42|1
3|Yohan BEN ALOUANE|Tunisia|BEN ALOUANE|Yohan|BEN ALOUANE|DF|185|3|0
4|Yassine MERIAH|Tunisia|MERIAH|Yassine|MERIAH|DF|183|16|1
5|Oussama HADDADI|Tunisia|HADDADI|Oussama|HADDADI|DF|185|7|1
6|Rami BEDOUI|Tunisia|BEDOUI|Rami|BEDOUI|DF|187|10|3
7|Saifeddine KHAOUI|Tunisia|KHAOUI|Saifeddine|KHAOUI|FW|180|4|0
8|Fakhreddine BEN YOUSSEF|Tunisia|BEN YOUSSEF|Fakhreddine|BEN YOUSSEF .F|FW|189|38|0
9|Anice BADRI|Tunisia|BADRI|Anice|BADRI|MF|178|9|2
10|Wahbi KHAZRI|Tunisia|KHAZRI|Wahbi|KHAZRI|FW|182|36|12
11|Dylan BRONN|Tunisia|BRONN|Dylan Daniel Mahmoud|BRONN|DF|186|5|0
12|Ali MAALOUL|Tunisia|MAALOUL|Ali|MAALOUL|DF|170|46|8
13|Ferjani SASSI|Tunisia|SASSI|Ferjani|SASSI|MF|186|40|3
14|Mohamed BEN AMOR|Tunisia|BEN AMOR|Mohamed Amine|BEN AMOR|MF|180|26|2
15|Ahmed KHALIL|Tunisia|KHALIL|Ahmed|KHALIL|FW|187|2|0
16|Aymen MATHLOUTHI|Tunisia|MATHLOUTHI|Aymen|MATHLOUTHI|GK|182|71|0
17|Ellyes SKHIRI|Tunisia|SKHIRI|Ellyes Joris|SKHIRI|MF|185|4|0
18|Bassem SRARFI|Tunisia|SRARFI|Bassem|SRARFI|FW|176|4|0
19|Saber KHALIFA|Tunisia|KHALIFA|Saber|KHALIFA|FW|185|43|7
20|Ghaylen CHAALELI|Tunisia|CHAALELI|Ghaylen|CHAALELI|FW|179|6|1
21|Hamdi NAGUEZ|Tunisia|NAGUEZ|Hamdi|NAGUEZ|DF|186|16|5
22|Mouez HASSEN|Tunisia|HASSEN|Mouez|HASSEN|GK|186|2|0
23|Naim SLITI|Tunisia|SLITI|Naim|SLITI|FW|173|18|3
1|Fernando MUSLERA|Uruguay|MUSLERA MICOL|Nestor Fernando|F. MUSLERA|GK|190|97|0
2|Jose GIMENEZ|Uruguay|GIMENEZ DE VARGAS|José Maria|J.M. GIMENEZ|DF|185|42|5
3|Diego GODIN|Uruguay|GODIN LEAL|Diego Roberto|D. GODIN|DF|185|116|8
4|Guillermo VARELA|Uruguay|VARELA OLIVERA|Guillermo|G. VARELA|DF|173|3|0
5|Carlos SANCHEZ|Uruguay|SÁNCHEZ ARCOSA|Carlos Andrés|C. SANCHEZ|MF|171|35|1
6|Rodrigo BENTANCUR|Uruguay|BENTANCUR COLMAN|Rodrigo|R. BENTANCUR|MF|187|7|0
7|Cristian RODRIGUEZ|Uruguay|RODRIGUEZ BAROTTI|Cristian Gabriel|C. RODRIGUEZ|MF|178|105|11
8|Nahitan NANDEZ|Uruguay|NANDEZ ACOSTA|Nahitan Michel|N. NANDEZ|MF|171|12|0
9|Luis SUAREZ|Uruguay|SUAREZ DIAZ|Luis Alberto|L. SUAREZ|FW|182|98|51
10|Giorgian DE ARRASCAETA|Uruguay|DE ARRASCAETA BENEDETTI|Giorgian Daniel|G. DE ARRASCAETA|FW|172|14|2
11|Cristhian STUANI|Uruguay|STUANI CURBELO|Cristhian Ricardo|C. STUANI|FW|186|41|5
12|Martin CAMPANA|Uruguay|CAMPAÑA DELGADO|Martín Nicolas|M. CAMPAÑA|GK|184|1|0
13|Gaston SILVA|Uruguay|SILVA PERDOMO|Gaston Alexis|G. SILVA|DF|185|17|0
14|Lucas TORREIRA|Uruguay|TORREIRA DI PASCUA|Lucas Sebastian|L. TORREIRA|MF|168|3|0
15|Matias VECINO|Uruguay|VECINO FALERO|Matias|M. VECINO|MF|189|22|1
16|Maximiliano PEREIRA|Uruguay|PEREIRA PAEZ|Victorio Maximiliano|M. PEREIRA|DF|173|125|3
17|Diego LAXALT|Uruguay|LAXALT SUAREZ|Diego Sebastian|D. LAXALT|MF|178|6|0
18|Maximiliano GOMEZ|Uruguay|GÓMEZ GONZÁLEZ|Maximiliano|M. GOMEZ|FW|186|5|0
19|Sebastian COATES|Uruguay|COATES NION|Sebastián|S. COATES|DF|196|30|1
20|Jonathan URRETAVISCAYA|Uruguay|URRETAVISCAYA DA LUZ|Jonathan Matias|J. URRETAVISCAYA|FW|172|4|0
21|Edinson CAVANI|Uruguay|CAVANI GOMEZ|Edinson Roberto|E. CAVANI|FW|188|101|42
22|Martin CACERES|Uruguay|CÁCERES SILVA|José Martín|M. CACERES|DF|178|76|4
23|Martin SILVA|Uruguay|SILVA LEITES|Martin Andres|M. SILVA|GK|187|11|0
